<?xml version="1.0" encoding="UTF-8"?>
<GenRun Id="impl_1" LaunchPart="xc7a35tcpg236-1" LaunchTime="1663290200">
  <File Type="OPT-HWDEF" Name="gerador.hwdef"/>
  <File Type="ROUTE-BUS-SKEW" Name="gerador_bus_skew_routed.rpt"/>
  <File Type="PA-DCP" Name="gerador.dcp"/>
  <File Type="BITSTR-BMM" Name="gerador_bd.bmm"/>
  <File Type="OPT-METHODOLOGY-DRC" Name="gerador_methodology_drc_opted.rpt"/>
  <File Type="INIT-TIMING" Name="gerador_timing_summary_init.rpt"/>
  <File Type="ROUTE-PWR" Name="gerador_power_routed.rpt"/>
  <File Type="PA-TCL" Name="gerador.tcl"/>
  <File Type="OPT-TIMING" Name="gerador_timing_summary_opted.rpt"/>
  <File Type="OPT-DCP" Name="gerador_opt.dcp"/>
  <File Type="ROUTE-PWR-SUM" Name="gerador_power_summary_routed.pb"/>
  <File Type="REPORTS-TCL" Name="gerador_reports.tcl"/>
  <File Type="OPT-DRC" Name="gerador_drc_opted.rpt"/>
  <File Type="PWROPT-DCP" Name="gerador_pwropt.dcp"/>
  <File Type="PWROPT-DRC" Name="gerador_drc_pwropted.rpt"/>
  <File Type="PWROPT-TIMING" Name="gerador_timing_summary_pwropted.rpt"/>
  <File Type="PLACE-DCP" Name="gerador_placed.dcp"/>
  <File Type="PLACE-IO" Name="gerador_io_placed.rpt"/>
  <File Type="PLACE-CLK" Name="gerador_clock_utilization_placed.rpt"/>
  <File Type="PLACE-UTIL" Name="gerador_utilization_placed.rpt"/>
  <File Type="PLACE-UTIL-PB" Name="gerador_utilization_placed.pb"/>
  <File Type="PLACE-CTRL" Name="gerador_control_sets_placed.rpt"/>
  <File Type="PLACE-SIMILARITY" Name="gerador_incremental_reuse_placed.rpt"/>
  <File Type="PLACE-PRE-SIMILARITY" Name="gerador_incremental_reuse_pre_placed.rpt"/>
  <File Type="PLACE-TIMING" Name="gerador_timing_summary_placed.rpt"/>
  <File Type="POSTPLACE-PWROPT-DCP" Name="gerador_postplace_pwropt.dcp"/>
  <File Type="BG-BIN" Name="gerador.bin"/>
  <File Type="POSTPLACE-PWROPT-TIMING" Name="gerador_timing_summary_postplace_pwropted.rpt"/>
  <File Type="PHYSOPT-DCP" Name="gerador_physopt.dcp"/>
  <File Type="PHYSOPT-DRC" Name="gerador_drc_physopted.rpt"/>
  <File Type="BITSTR-MSK" Name="gerador.msk"/>
  <File Type="PHYSOPT-TIMING" Name="gerador_timing_summary_physopted.rpt"/>
  <File Type="ROUTE-ERROR-DCP" Name="gerador_routed_error.dcp"/>
  <File Type="ROUTE-DCP" Name="gerador_routed.dcp"/>
  <File Type="ROUTE-BLACKBOX-DCP" Name="gerador_routed_bb.dcp"/>
  <File Type="ROUTE-DRC" Name="gerador_drc_routed.rpt"/>
  <File Type="ROUTE-DRC-PB" Name="gerador_drc_routed.pb"/>
  <File Type="BITSTR-LTX" Name="debug_nets.ltx"/>
  <File Type="BITSTR-LTX" Name="gerador.ltx"/>
  <File Type="ROUTE-DRC-RPX" Name="gerador_drc_routed.rpx"/>
  <File Type="BITSTR-MMI" Name="gerador.mmi"/>
  <File Type="ROUTE-METHODOLOGY-DRC" Name="gerador_methodology_drc_routed.rpt"/>
  <File Type="ROUTE-METHODOLOGY-DRC-RPX" Name="gerador_methodology_drc_routed.rpx"/>
  <File Type="BITSTR-SYSDEF" Name="gerador.sysdef"/>
  <File Type="ROUTE-METHODOLOGY-DRC-PB" Name="gerador_methodology_drc_routed.pb"/>
  <File Type="ROUTE-PWR-RPX" Name="gerador_power_routed.rpx"/>
  <File Type="ROUTE-STATUS" Name="gerador_route_status.rpt"/>
  <File Type="ROUTE-STATUS-PB" Name="gerador_route_status.pb"/>
  <File Type="ROUTE-TIMINGSUMMARY" Name="gerador_timing_summary_routed.rpt"/>
  <File Type="ROUTE-TIMING-PB" Name="gerador_timing_summary_routed.pb"/>
  <File Type="ROUTE-TIMING-RPX" Name="gerador_timing_summary_routed.rpx"/>
  <File Type="ROUTE-SIMILARITY" Name="gerador_incremental_reuse_routed.rpt"/>
  <File Type="ROUTE-CLK" Name="gerador_clock_utilization_routed.rpt"/>
  <File Type="ROUTE-BUS-SKEW-PB" Name="gerador_bus_skew_routed.pb"/>
  <File Type="ROUTE-BUS-SKEW-RPX" Name="gerador_bus_skew_routed.rpx"/>
  <File Type="POSTROUTE-PHYSOPT-DCP" Name="gerador_postroute_physopt.dcp"/>
  <File Type="POSTROUTE-PHYSOPT-BLACKBOX-DCP" Name="gerador_postroute_physopt_bb.dcp"/>
  <File Type="POSTROUTE-PHYSOPT-TIMING" Name="gerador_timing_summary_postroute_physopted.rpt"/>
  <File Type="POSTROUTE-PHYSOPT-TIMING-PB" Name="gerador_timing_summary_postroute_physopted.pb"/>
  <File Type="POSTROUTE-PHYSOPT-TIMING-RPX" Name="gerador_timing_summary_postroute_physopted.rpx"/>
  <File Type="POSTROUTE-PHYSOPT-BUS-SKEW" Name="gerador_bus_skew_postroute_physopted.rpt"/>
  <File Type="POSTROUTE-PHYSOPT-BUS-SKEW-PB" Name="gerador_bus_skew_postroute_physopted.pb"/>
  <File Type="BG-BIT" Name="gerador.bit"/>
  <File Type="POSTROUTE-PHYSOPT-BUS-SKEW-RPX" Name="gerador_bus_skew_postroute_physopted.rpx"/>
  <File Type="BITSTR-RBT" Name="gerador.rbt"/>
  <File Type="BITSTR-NKY" Name="gerador.nky"/>
  <File Type="BG-BGN" Name="gerador.bgn"/>
  <File Type="BG-DRC" Name="gerador.drc"/>
  <File Type="RDI-RDI" Name="gerador.vdi"/>
  <File Type="WBT-USG" Name="usage_statistics_webtalk.html"/>
  <FileSet Name="sources" Type="DesignSrcs" RelSrcDir="$PSRCDIR/sources_1">
    <Filter Type="Srcs"/>
    <File Path="$PSRCDIR/sources_1/new/gerador.vhd">
      <FileInfo>
        <Attr Name="UsedIn" Val="synthesis"/>
        <Attr Name="UsedIn" Val="simulation"/>
      </FileInfo>
    </File>
    <Config>
      <Option Name="DesignMode" Val="RTL"/>
      <Option Name="TopModule" Val="gerador"/>
      <Option Name="TopAutoSet" Val="TRUE"/>
    </Config>
  </FileSet>
  <FileSet Name="constrs_in" Type="Constrs" RelSrcDir="$PSRCDIR/constrs_1">
    <Filter Type="Constrs"/>
    <File Path="$PSRCDIR/constrs_1/new/pins.xdc">
      <FileInfo>
        <Attr Name="UsedIn" Val="synthesis"/>
        <Attr Name="UsedIn" Val="implementation"/>
      </FileInfo>
    </File>
    <Config>
      <Option Name="ConstrsType" Val="XDC"/>
    </Config>
  </FileSet>
  <Strategy Version="1" Minor="2">
    <StratHandle Name="Vivado Implementation Defaults" Flow="Vivado Implementation 2018">
      <Desc>Default settings for Implementation.</Desc>
    </StratHandle>
    <Step Id="init_design"/>
    <Step Id="opt_design"/>
    <Step Id="power_opt_design"/>
    <Step Id="place_design"/>
    <Step Id="post_place_power_opt_design"/>
    <Step Id="phys_opt_design"/>
    <Step Id="route_design"/>
    <Step Id="post_route_phys_opt_design"/>
    <Step Id="write_bitstream"/>
  </Strategy>
</GenRun>
