<?xml version="1.0" encoding="UTF-8"?>
<GenRun Id="impl_1" LaunchPart="xc7a35tcpg236-1" LaunchTime="1664136871">
  <File Type="BITSTR-BMM" Name="somador_bd.bmm"/>
  <File Type="OPT-METHODOLOGY-DRC" Name="somador_methodology_drc_opted.rpt"/>
  <File Type="INIT-TIMING" Name="somador_timing_summary_init.rpt"/>
  <File Type="ROUTE-PWR" Name="somador_power_routed.rpt"/>
  <File Type="PA-TCL" Name="somador.tcl"/>
  <File Type="OPT-TIMING" Name="somador_timing_summary_opted.rpt"/>
  <File Type="OPT-DCP" Name="somador_opt.dcp"/>
  <File Type="ROUTE-PWR-SUM" Name="somador_power_summary_routed.pb"/>
  <File Type="REPORTS-TCL" Name="somador_reports.tcl"/>
  <File Type="OPT-DRC" Name="somador_drc_opted.rpt"/>
  <File Type="OPT-HWDEF" Name="somador.hwdef"/>
  <File Type="PWROPT-DCP" Name="somador_pwropt.dcp"/>
  <File Type="PWROPT-DRC" Name="somador_drc_pwropted.rpt"/>
  <File Type="PWROPT-TIMING" Name="somador_timing_summary_pwropted.rpt"/>
  <File Type="PLACE-DCP" Name="somador_placed.dcp"/>
  <File Type="PLACE-IO" Name="somador_io_placed.rpt"/>
  <File Type="PLACE-CLK" Name="somador_clock_utilization_placed.rpt"/>
  <File Type="PLACE-UTIL" Name="somador_utilization_placed.rpt"/>
  <File Type="PLACE-UTIL-PB" Name="somador_utilization_placed.pb"/>
  <File Type="PLACE-CTRL" Name="somador_control_sets_placed.rpt"/>
  <File Type="PLACE-SIMILARITY" Name="somador_incremental_reuse_placed.rpt"/>
  <File Type="PLACE-PRE-SIMILARITY" Name="somador_incremental_reuse_pre_placed.rpt"/>
  <File Type="BG-BGN" Name="somador.bgn"/>
  <File Type="PLACE-TIMING" Name="somador_timing_summary_placed.rpt"/>
  <File Type="POSTPLACE-PWROPT-DCP" Name="somador_postplace_pwropt.dcp"/>
  <File Type="BG-BIN" Name="somador.bin"/>
  <File Type="POSTPLACE-PWROPT-TIMING" Name="somador_timing_summary_postplace_pwropted.rpt"/>
  <File Type="PHYSOPT-DCP" Name="somador_physopt.dcp"/>
  <File Type="PHYSOPT-DRC" Name="somador_drc_physopted.rpt"/>
  <File Type="BITSTR-MSK" Name="somador.msk"/>
  <File Type="PHYSOPT-TIMING" Name="somador_timing_summary_physopted.rpt"/>
  <File Type="ROUTE-ERROR-DCP" Name="somador_routed_error.dcp"/>
  <File Type="ROUTE-DCP" Name="somador_routed.dcp"/>
  <File Type="ROUTE-BLACKBOX-DCP" Name="somador_routed_bb.dcp"/>
  <File Type="ROUTE-DRC" Name="somador_drc_routed.rpt"/>
  <File Type="ROUTE-DRC-PB" Name="somador_drc_routed.pb"/>
  <File Type="BITSTR-LTX" Name="debug_nets.ltx"/>
  <File Type="BITSTR-LTX" Name="somador.ltx"/>
  <File Type="ROUTE-DRC-RPX" Name="somador_drc_routed.rpx"/>
  <File Type="BITSTR-MMI" Name="somador.mmi"/>
  <File Type="ROUTE-METHODOLOGY-DRC" Name="somador_methodology_drc_routed.rpt"/>
  <File Type="ROUTE-METHODOLOGY-DRC-RPX" Name="somador_methodology_drc_routed.rpx"/>
  <File Type="BITSTR-SYSDEF" Name="somador.sysdef"/>
  <File Type="ROUTE-METHODOLOGY-DRC-PB" Name="somador_methodology_drc_routed.pb"/>
  <File Type="ROUTE-PWR-RPX" Name="somador_power_routed.rpx"/>
  <File Type="ROUTE-STATUS" Name="somador_route_status.rpt"/>
  <File Type="ROUTE-STATUS-PB" Name="somador_route_status.pb"/>
  <File Type="ROUTE-TIMINGSUMMARY" Name="somador_timing_summary_routed.rpt"/>
  <File Type="ROUTE-TIMING-PB" Name="somador_timing_summary_routed.pb"/>
  <File Type="ROUTE-TIMING-RPX" Name="somador_timing_summary_routed.rpx"/>
  <File Type="ROUTE-SIMILARITY" Name="somador_incremental_reuse_routed.rpt"/>
  <File Type="ROUTE-CLK" Name="somador_clock_utilization_routed.rpt"/>
  <File Type="ROUTE-BUS-SKEW" Name="somador_bus_skew_routed.rpt"/>
  <File Type="ROUTE-BUS-SKEW-PB" Name="somador_bus_skew_routed.pb"/>
  <File Type="ROUTE-BUS-SKEW-RPX" Name="somador_bus_skew_routed.rpx"/>
  <File Type="POSTROUTE-PHYSOPT-DCP" Name="somador_postroute_physopt.dcp"/>
  <File Type="POSTROUTE-PHYSOPT-BLACKBOX-DCP" Name="somador_postroute_physopt_bb.dcp"/>
  <File Type="POSTROUTE-PHYSOPT-TIMING" Name="somador_timing_summary_postroute_physopted.rpt"/>
  <File Type="POSTROUTE-PHYSOPT-TIMING-PB" Name="somador_timing_summary_postroute_physopted.pb"/>
  <File Type="POSTROUTE-PHYSOPT-TIMING-RPX" Name="somador_timing_summary_postroute_physopted.rpx"/>
  <File Type="POSTROUTE-PHYSOPT-BUS-SKEW" Name="somador_bus_skew_postroute_physopted.rpt"/>
  <File Type="POSTROUTE-PHYSOPT-BUS-SKEW-PB" Name="somador_bus_skew_postroute_physopted.pb"/>
  <File Type="BG-BIT" Name="somador.bit"/>
  <File Type="POSTROUTE-PHYSOPT-BUS-SKEW-RPX" Name="somador_bus_skew_postroute_physopted.rpx"/>
  <File Type="BITSTR-RBT" Name="somador.rbt"/>
  <File Type="BITSTR-NKY" Name="somador.nky"/>
  <File Type="BG-DRC" Name="somador.drc"/>
  <File Type="RDI-RDI" Name="somador.vdi"/>
  <File Type="WBT-USG" Name="usage_statistics_webtalk.html"/>
  <FileSet Name="sources" Type="DesignSrcs" RelSrcDir="$PSRCDIR/sources_1">
    <Filter Type="Srcs"/>
    <File Path="$PSRCDIR/sources_1/new/somador.vhd">
      <FileInfo>
        <Attr Name="UsedIn" Val="synthesis"/>
        <Attr Name="UsedIn" Val="simulation"/>
      </FileInfo>
    </File>
    <Config>
      <Option Name="DesignMode" Val="RTL"/>
      <Option Name="TopModule" Val="somador"/>
      <Option Name="TopAutoSet" Val="TRUE"/>
    </Config>
  </FileSet>
  <FileSet Name="constrs_in" Type="Constrs" RelSrcDir="$PSRCDIR/constrs_1">
    <Filter Type="Constrs"/>
    <File Path="$PSRCDIR/constrs_1/new/somador.xdc">
      <FileInfo>
        <Attr Name="UsedIn" Val="synthesis"/>
        <Attr Name="UsedIn" Val="implementation"/>
      </FileInfo>
    </File>
    <Config>
      <Option Name="TargetConstrsFile" Val="$PSRCDIR/constrs_1/new/somador.xdc"/>
      <Option Name="ConstrsType" Val="XDC"/>
    </Config>
  </FileSet>
  <Strategy Version="1" Minor="2">
    <StratHandle Name="Vivado Implementation Defaults" Flow="Vivado Implementation 2018">
      <Desc>Default settings for Implementation.</Desc>
    </StratHandle>
    <Step Id="init_design"/>
    <Step Id="opt_design"/>
    <Step Id="power_opt_design"/>
    <Step Id="place_design"/>
    <Step Id="post_place_power_opt_design"/>
    <Step Id="phys_opt_design"/>
    <Step Id="route_design"/>
    <Step Id="post_route_phys_opt_design"/>
    <Step Id="write_bitstream"/>
  </Strategy>
</GenRun>
