<?xml version="1.0" encoding="UTF-8"?>
<GenRun Id="impl_1" LaunchPart="xc7a35tcpg236-1" LaunchTime="1664140630">
  <File Type="BITSTR-BMM" Name="SOMADOR_3BITS_bd.bmm"/>
  <File Type="OPT-METHODOLOGY-DRC" Name="SOMADOR_3BITS_methodology_drc_opted.rpt"/>
  <File Type="INIT-TIMING" Name="SOMADOR_3BITS_timing_summary_init.rpt"/>
  <File Type="ROUTE-PWR" Name="SOMADOR_3BITS_power_routed.rpt"/>
  <File Type="PA-TCL" Name="SOMADOR_3BITS.tcl"/>
  <File Type="OPT-TIMING" Name="SOMADOR_3BITS_timing_summary_opted.rpt"/>
  <File Type="OPT-DCP" Name="SOMADOR_3BITS_opt.dcp"/>
  <File Type="ROUTE-PWR-SUM" Name="SOMADOR_3BITS_power_summary_routed.pb"/>
  <File Type="REPORTS-TCL" Name="SOMADOR_3BITS_reports.tcl"/>
  <File Type="OPT-DRC" Name="SOMADOR_3BITS_drc_opted.rpt"/>
  <File Type="OPT-HWDEF" Name="SOMADOR_3BITS.hwdef"/>
  <File Type="PWROPT-DCP" Name="SOMADOR_3BITS_pwropt.dcp"/>
  <File Type="PWROPT-DRC" Name="SOMADOR_3BITS_drc_pwropted.rpt"/>
  <File Type="PWROPT-TIMING" Name="SOMADOR_3BITS_timing_summary_pwropted.rpt"/>
  <File Type="PLACE-DCP" Name="SOMADOR_3BITS_placed.dcp"/>
  <File Type="PLACE-IO" Name="SOMADOR_3BITS_io_placed.rpt"/>
  <File Type="PLACE-CLK" Name="SOMADOR_3BITS_clock_utilization_placed.rpt"/>
  <File Type="PLACE-UTIL" Name="SOMADOR_3BITS_utilization_placed.rpt"/>
  <File Type="PLACE-UTIL-PB" Name="SOMADOR_3BITS_utilization_placed.pb"/>
  <File Type="PLACE-CTRL" Name="SOMADOR_3BITS_control_sets_placed.rpt"/>
  <File Type="PLACE-SIMILARITY" Name="SOMADOR_3BITS_incremental_reuse_placed.rpt"/>
  <File Type="PLACE-PRE-SIMILARITY" Name="SOMADOR_3BITS_incremental_reuse_pre_placed.rpt"/>
  <File Type="BG-BGN" Name="SOMADOR_3BITS.bgn"/>
  <File Type="PLACE-TIMING" Name="SOMADOR_3BITS_timing_summary_placed.rpt"/>
  <File Type="POSTPLACE-PWROPT-DCP" Name="SOMADOR_3BITS_postplace_pwropt.dcp"/>
  <File Type="BG-BIN" Name="SOMADOR_3BITS.bin"/>
  <File Type="POSTPLACE-PWROPT-TIMING" Name="SOMADOR_3BITS_timing_summary_postplace_pwropted.rpt"/>
  <File Type="PHYSOPT-DCP" Name="SOMADOR_3BITS_physopt.dcp"/>
  <File Type="PHYSOPT-DRC" Name="SOMADOR_3BITS_drc_physopted.rpt"/>
  <File Type="BITSTR-MSK" Name="SOMADOR_3BITS.msk"/>
  <File Type="PHYSOPT-TIMING" Name="SOMADOR_3BITS_timing_summary_physopted.rpt"/>
  <File Type="ROUTE-ERROR-DCP" Name="SOMADOR_3BITS_routed_error.dcp"/>
  <File Type="ROUTE-DCP" Name="SOMADOR_3BITS_routed.dcp"/>
  <File Type="ROUTE-BLACKBOX-DCP" Name="SOMADOR_3BITS_routed_bb.dcp"/>
  <File Type="ROUTE-DRC" Name="SOMADOR_3BITS_drc_routed.rpt"/>
  <File Type="ROUTE-DRC-PB" Name="SOMADOR_3BITS_drc_routed.pb"/>
  <File Type="BITSTR-LTX" Name="debug_nets.ltx"/>
  <File Type="BITSTR-LTX" Name="SOMADOR_3BITS.ltx"/>
  <File Type="ROUTE-DRC-RPX" Name="SOMADOR_3BITS_drc_routed.rpx"/>
  <File Type="BITSTR-MMI" Name="SOMADOR_3BITS.mmi"/>
  <File Type="ROUTE-METHODOLOGY-DRC" Name="SOMADOR_3BITS_methodology_drc_routed.rpt"/>
  <File Type="ROUTE-METHODOLOGY-DRC-RPX" Name="SOMADOR_3BITS_methodology_drc_routed.rpx"/>
  <File Type="BITSTR-SYSDEF" Name="SOMADOR_3BITS.sysdef"/>
  <File Type="ROUTE-METHODOLOGY-DRC-PB" Name="SOMADOR_3BITS_methodology_drc_routed.pb"/>
  <File Type="ROUTE-PWR-RPX" Name="SOMADOR_3BITS_power_routed.rpx"/>
  <File Type="ROUTE-STATUS" Name="SOMADOR_3BITS_route_status.rpt"/>
  <File Type="ROUTE-STATUS-PB" Name="SOMADOR_3BITS_route_status.pb"/>
  <File Type="ROUTE-TIMINGSUMMARY" Name="SOMADOR_3BITS_timing_summary_routed.rpt"/>
  <File Type="ROUTE-TIMING-PB" Name="SOMADOR_3BITS_timing_summary_routed.pb"/>
  <File Type="ROUTE-TIMING-RPX" Name="SOMADOR_3BITS_timing_summary_routed.rpx"/>
  <File Type="ROUTE-SIMILARITY" Name="SOMADOR_3BITS_incremental_reuse_routed.rpt"/>
  <File Type="ROUTE-CLK" Name="SOMADOR_3BITS_clock_utilization_routed.rpt"/>
  <File Type="ROUTE-BUS-SKEW" Name="SOMADOR_3BITS_bus_skew_routed.rpt"/>
  <File Type="ROUTE-BUS-SKEW-PB" Name="SOMADOR_3BITS_bus_skew_routed.pb"/>
  <File Type="ROUTE-BUS-SKEW-RPX" Name="SOMADOR_3BITS_bus_skew_routed.rpx"/>
  <File Type="POSTROUTE-PHYSOPT-DCP" Name="SOMADOR_3BITS_postroute_physopt.dcp"/>
  <File Type="POSTROUTE-PHYSOPT-BLACKBOX-DCP" Name="SOMADOR_3BITS_postroute_physopt_bb.dcp"/>
  <File Type="POSTROUTE-PHYSOPT-TIMING" Name="SOMADOR_3BITS_timing_summary_postroute_physopted.rpt"/>
  <File Type="POSTROUTE-PHYSOPT-TIMING-PB" Name="SOMADOR_3BITS_timing_summary_postroute_physopted.pb"/>
  <File Type="POSTROUTE-PHYSOPT-TIMING-RPX" Name="SOMADOR_3BITS_timing_summary_postroute_physopted.rpx"/>
  <File Type="POSTROUTE-PHYSOPT-BUS-SKEW" Name="SOMADOR_3BITS_bus_skew_postroute_physopted.rpt"/>
  <File Type="POSTROUTE-PHYSOPT-BUS-SKEW-PB" Name="SOMADOR_3BITS_bus_skew_postroute_physopted.pb"/>
  <File Type="BG-BIT" Name="SOMADOR_3BITS.bit"/>
  <File Type="POSTROUTE-PHYSOPT-BUS-SKEW-RPX" Name="SOMADOR_3BITS_bus_skew_postroute_physopted.rpx"/>
  <File Type="BITSTR-RBT" Name="SOMADOR_3BITS.rbt"/>
  <File Type="BITSTR-NKY" Name="SOMADOR_3BITS.nky"/>
  <File Type="BG-DRC" Name="SOMADOR_3BITS.drc"/>
  <File Type="RDI-RDI" Name="SOMADOR_3BITS.vdi"/>
  <File Type="WBT-USG" Name="usage_statistics_webtalk.html"/>
  <FileSet Name="sources" Type="DesignSrcs" RelSrcDir="$PSRCDIR/sources_1">
    <Filter Type="Srcs"/>
    <File Path="$PSRCDIR/sources_1/new/SOMADOR_3BITS.vhd">
      <FileInfo>
        <Attr Name="UsedIn" Val="synthesis"/>
        <Attr Name="UsedIn" Val="simulation"/>
      </FileInfo>
    </File>
    <Config>
      <Option Name="DesignMode" Val="RTL"/>
      <Option Name="TopModule" Val="SOMADOR_3BITS"/>
      <Option Name="TopAutoSet" Val="TRUE"/>
    </Config>
  </FileSet>
  <FileSet Name="constrs_in" Type="Constrs" RelSrcDir="$PSRCDIR/constrs_1">
    <Filter Type="Constrs"/>
    <File Path="$PSRCDIR/constrs_1/new/pins.xdc">
      <FileInfo>
        <Attr Name="UsedIn" Val="synthesis"/>
        <Attr Name="UsedIn" Val="implementation"/>
      </FileInfo>
    </File>
    <Config>
      <Option Name="ConstrsType" Val="XDC"/>
    </Config>
  </FileSet>
  <Strategy Version="1" Minor="2">
    <StratHandle Name="Vivado Implementation Defaults" Flow="Vivado Implementation 2018">
      <Desc>Default settings for Implementation.</Desc>
    </StratHandle>
    <Step Id="init_design"/>
    <Step Id="opt_design"/>
    <Step Id="power_opt_design"/>
    <Step Id="place_design"/>
    <Step Id="post_place_power_opt_design"/>
    <Step Id="phys_opt_design"/>
    <Step Id="route_design"/>
    <Step Id="post_route_phys_opt_design"/>
    <Step Id="write_bitstream"/>
  </Strategy>
</GenRun>
