<?xml version="1.0" encoding="UTF-8"?>
<GenRun Id="synth_1" LaunchPart="xc7a35tcpg236-1" LaunchTime="1664235115">
  <File Type="PA-TCL" Name="decod.tcl"/>
  <File Type="RDS-PROPCONSTRS" Name="decod_drc_synth.rpt"/>
  <File Type="REPORTS-TCL" Name="decod_reports.tcl"/>
  <File Type="RDS-RDS" Name="decod.vds"/>
  <File Type="RDS-UTIL" Name="decod_utilization_synth.rpt"/>
  <File Type="RDS-UTIL-PB" Name="decod_utilization_synth.pb"/>
  <File Type="RDS-DCP" Name="decod.dcp"/>
  <File Type="VDS-TIMINGSUMMARY" Name="decod_timing_summary_synth.rpt"/>
  <File Type="VDS-TIMING-PB" Name="decod_timing_summary_synth.pb"/>
  <FileSet Name="sources" Type="DesignSrcs" RelSrcDir="$PSRCDIR/sources_1">
    <Filter Type="Srcs"/>
    <File Path="$PSRCDIR/sources_1/new/decod.vhd">
      <FileInfo>
        <Attr Name="UsedIn" Val="synthesis"/>
        <Attr Name="UsedIn" Val="simulation"/>
      </FileInfo>
    </File>
    <Config>
      <Option Name="DesignMode" Val="RTL"/>
      <Option Name="TopModule" Val="decod"/>
    </Config>
  </FileSet>
  <FileSet Name="constrs_in" Type="Constrs" RelSrcDir="$PSRCDIR/constrs_1">
    <Filter Type="Constrs"/>
    <File Path="$PSRCDIR/constrs_1/new/PINOS.xdc">
      <FileInfo>
        <Attr Name="UsedIn" Val="synthesis"/>
        <Attr Name="UsedIn" Val="implementation"/>
      </FileInfo>
    </File>
    <Config>
      <Option Name="ConstrsType" Val="XDC"/>
    </Config>
  </FileSet>
  <Strategy Version="1" Minor="2">
    <StratHandle Name="Vivado Synthesis Defaults" Flow="Vivado Synthesis 2018">
      <Desc>Vivado Synthesis Defaults</Desc>
    </StratHandle>
    <Step Id="synth_design"/>
  </Strategy>
</GenRun>
